{
    "vraj": {
        "password": "1234",
        "history": [
            {
                "date": "2025-06-30 12:48:23",
                "height": "150.0 cm",
                "weight": "60.0 kg",
                "age": 22,
                "gender": "Male",
                "bmi": 26.67,
                "category": "Overweight"
            },
            {
                "date": "2025-06-30 12:49:39",
                "height": "195.0 cm",
                "weight": "65.0 kg",
                "age": 20,
                "gender": "Male",
                "bmi": 17.09,
                "category": "Underweight"
            },
            {
                "date": "2025-07-01 16:28:21",
                "height": "215.0 cm",
                "weight": "80.0 kg",
                "age": 28,
                "gender": "male",
                "bmi": 17.31,
                "category": "Underweight"
            }
        ]
    }
}